"spirit","needs","silent","missing","length","porch","iron","hunt","running"
"ill","did","onlinetools","author","grow","saved","except","control","foreign"
"pocket","alive","been","shade","red","neighbor","lunch","cow","being"
"coast","aid","bark","count","log","remain","diameter","threw","direction"
"see","root","faster","since","football","plate","chose","dog","that"
"last","each","made","leather","late","drive","affect","provide","expression"
"straw","week","on","form","pack","look","drawn","potatoes","tail"
"green","drive","basis","engine","spent","could","obtain","cry","deal"
"heard","shot","fine","brush","experience","horse","broke","cut","image"
"difference","frame","try","brought","introduced","interior","pupil","steady","helpful"
"worker","brief","earth","better","safety","older","fed","element","gold"
"grow","husband","calm","stranger","came","outside","blue","observe","house"
"diagram","replace","grown","make","one","flow","control","surprise","tone"
"calm","likely","sitting","my","quick","cotton","cross","appropriate","nation"
"has","steam","bean","piece","sure","sugar","call","concerned","size"
"west","case","else","house","machine","close","flies","difficult","home"
"worth","strike","cast","dirty","shake","warm","mouse","worth","running"
"usual","seeing","what","camera","official","lion","cent","bend","any"
"inch","union","no","account","headed","write","music","table","old"
"angry","tongue","blood","total","origin","equipment","burn","party","good"
"poet","long","notice","which","greatest","worth","wire","entirely","customs"